1,Mourad,Magdy,27,Subject Professor(Dr.),01010344756,m@gmail.com
2,m,m,21,Teacher Assistant(TA),01010344756,m.emaad102@gmail.com
2,mo,mh,21,Teacher Assistant(TA),01010344756,m.emaad102@gmail.com
2,Mourad,Magdy,21,Subject Professor(Dr.),1,mm@gmail.com
1,mohand,emad,22,Teacher Assistant(TA),01010344756,m.emaad102@gmail.com
1,Mohand,Emad,21,Teacher Assistant(TA),010,m.emaad102@gmail.com
1,mo,em,11,Teacher Assistant(TA),1,m.@gmail.com
1,mo,em,11,Teacher Assistant(TA),11,m2@gmail.com
1,Mohand,Emad,22,Teacher Assistant(TA),01010,m@gmail.com
3,Mourad,Magdy,11,Teacher Assistant(TA),11,mm@gmail.com
3,Mohand,Emad,122,Subject Professor(Dr.),1121,mm@gmail.com
3,Mohand,Emad,12,Subject Professor(Dr.),1121,mm@gmail.com
3,Mohand,Emad,12,Subject Professor(Dr.),1212,e11@gmail.com
3,Mohand,Emad,12,Teacher Assistant(TA),21,lol@gmail.com
